"_primaryKey","_firstSeenAt","_lastSeenAt","itemId","shopId","title","description","status","condition","catId","categories","brand","brandId","currency","price","priceMin","priceMax","priceBeforeDiscount","priceMinBeforeDiscount","priceMaxBeforeDiscount","discount","ratingAvg","ratingCount","commentCount","likedCount","shopLocation","isAdult","isPreOrder","estimatedDays","isFreeShipping","isServiceByShopee","images","models","createdAt","shopName","shopRating","shopResponseRate","shopResponseTime","shopFollowerCount","shopItemCount","shopCreatedAt","isOfficialShop","shopRatingGood","shopRatingNormal","shopRatingBad","isShopeeVerified","shopDetailedLocation","isIndividualSeller","isMart","shippingFeeMin","modelsCount","productUrl"
"1660469048.49800998981","2026-02-16 23:59:58.412","2026-02-16 23:59:58.412","49800998981","1660469048","熱賣 【批髮價】不銹鋼鵝型褲架無痕防滑家用衣櫃掛褲子收納神器褲夾子z形2字衣架9.22 JCDO","歡迎您的光臨！有什麼需要不明白的都可以聊聊我！
：佰佳戀
產地：荔浦
材質：不鏽鋼
包裝數量：50
是否跨境出口專供貨源：否
風格：韓系
是否有專利：否
顏色：奶油白-鵝型褲架（正向）,耀夜黑-鵝型褲架（正向）,銀灰色-鵝型褲架（正向）,少女粉-鵝型褲架（正向）,墨綠色-鵝型褲架（正向）
加工訂製：否
加印LOGO：否
謝謝您的支持！","normal",1,100636,"['{""catid"":100636,""display_name"":""居家生活"",""is_default_subcat"":false,""no_sub"":false}','{""catid"":100721,""display_name"":""收納"",""is_default_subcat"":false,""no_sub"":false}','{""catid"":101253,""display_name"":""衣架、衣夾"",""is_default_subcat"":false,""no_sub"":true}']",,,"TWD","[PREMIUM]",11000000,11000000,12200000,12200000,12200000,10,0,0,0,0,"中國大陸",false,true,10,false,false,"['sg-11134201-821e6-mgs01kvnmpzi85','sg-11134201-821eh-mgs01pv6naq3a9','sg-11134201-821e4-mgs01qsxloga0d','sg-11134201-821d3-mgs01t565kaw2e','sg-11134201-821g4-mgs01twe6ia1c5','sg-11134201-821fg-mgs01unpn2886e','sg-11134201-821e2-mgs01vebl0ct5c']","['{""is_clickable"":true,""is_grayout"":false,""item_id"":49800998981,""model_id"":345088934643,""name"":""銀灰色-鵝型褲架（正向）"",""price"":11000000,""price_before_discount"":12200000,""promotion_id"":781674016194560}','{""is_clickable"":true,""is_grayout"":false,""item_id"":49800998981,""model_id"":345088934644,""name"":""少女粉-鵝型褲架（正向）"",""price"":11000000,""price_before_discount"":12200000,""promotion_id"":781674016194560}','{""is_clickable"":true,""is_grayout"":false,""item_id"":49800998981,""model_id"":345088934645,""name"":""墨綠色-鵝型褲架（正向）"",""price"":11000000,""price_before_discount"":12200000,""promotion_id"":781674016194560}','{""is_clickable"":true,""is_grayout"":false,""item_id"":49800998981,""model_id"":345088934641,""name"":""奶油白-鵝型褲架（正向）"",""price"":11000000,""price_before_discount"":12200000,""promotion_id"":781674016194560}','{""is_clickable"":true,""is_grayout"":false,""item_id"":49800998981,""model_id"":345088934642,""name"":""耀夜黑-鵝型褲架（正向）"",""price"":11000000,""price_before_discount"":12200000,""promotion_id"":781674016194560}']","2025-11-07 13:13:27.000","Dailygem055.tw",5,57,0,2,488,"2025-10-24 03:41:53.000",false,2,0,0,false,"海外",,,-1,5,"[PREMIUM]"
"1496871464.50401012291","2026-02-16 23:59:58.185","2026-02-16 23:59:58.185","50401012291","1496871464","免運【可開發票】現代簡約靠背高腳椅輕奢複古網紅椅中古貝殻吧椅北歐風吧臺椅子","溫馨提醒】【購買須知】

✏️本賣場大部分貨物從【海外發貨】

✏️長度或者高度超過或等於1.8米或者重量超過60kg不能分開發的物品屬於超載物品需要額外超載費用具體費用請咨詢客服-
     
✏️若收貨地址屬於偏遠地區，物流公司需要加收偏遠地區派送費（派送費根據偏遠程度和貨物大小重量而定），我們會在發貨前聯繫通知您。

✏️下單後3天左右出貨 正常10-15天左右才能收到貨哦 如遇缺貨會主動告知寶寶們~

    店內產品都是自家工廠精選優品供應，100%皆有現貨可直接下標

※若您收到商品發現有異常，狀況時可即時通知，聯繫賣家，我們一定會努力盡快為您處理到好，請下評價前先聊聊喲。直接給1-2星評價等於放棄售後不再做處理。
拜託，拜託喲~


［關於下單］
下單前請詳閱賣場內文說明及商品圖片，如有疑問請直接向客服專員詢問。
下單前請再次確認購買商品、數量、規格、尺寸有無正確，可避免日後更改訂單造成的耽誤與麻煩喔。

如需修改或取消訂單可於我們出貨前提出，我們會為您協助處理。

如滿意我們的商品與服務，請給我們一個五顆星的好評，您的回應是我們努力的動力來源。
我們會持續上架最優質的嚴選商品，歡迎您追蹤與關注我們的賣場，以得到最新的商品情報與優惠資訊喔！","normal",1,100636,"['{""catid"":100636,""display_name"":""居家生活"",""is_default_subcat"":false,""no_sub"":false}','{""catid"":100713,""display_name"":""傢俱"",""is_default_subcat"":false,""no_sub"":false}','{""catid"":101171,""display_name"":""椅子"",""is_default_subcat"":false,""no_sub"":true}']",,,"TWD","[PREMIUM]",204400000,222800000,255500000,255500000,278500000,20,0,0,0,0,"桃園市蘆竹區",false,false,1,false,false,"['sg-11134201-821e4-mgt2o6vyg16w2f','sg-11134201-821en-mgt2o80118226c','sg-11134201-821dy-mgt2o8uxx3bhb5','sg-11134201-821g1-mgt2o9cccyz003','sg-11134201-821fc-mgt2oa8cngnf6e','sg-11134201-821fk-mgt2oaqcfoy69a','sg-11134201-821f6-mgt2obagcf7z96','sg-11134201-821f2-mgt2obsci0p621']","['{""is_clickable"":true,""is_grayout"":false,""item_id"":50401012291,""model_id"":320092064633,""name"":""亮光太妃棕軟墊75CM,衚桃背-銀腿"",""price"":204400000,""price_before_discount"":255500000,""promotion_id"":782478869577728}','{""is_clickable"":true,""is_grayout"":false,""item_id"":50401012291,""model_id"":320092064646,""name"":""亮光黑色軟墊75CM,櫻桃背-銀腿"",""price"":204400000,""price_before_discount"":255500000,""promotion_id"":782478869577728}','{""is_clickable"":true,""is_grayout"":false,""item_id"":50401012291,""model_id"":320092064629,""name"":""亮光黑色軟墊75CM,白色背-黑腿"",""price"":204400000,""price_before_discount"":255500000,""promotion_id"":782478869577728}','{""is_clickable"":true,""is_grayout"":false,""item_id"":50401012291,""model_id"":315092649834,""name"":""亮光太妃棕軟墊75CM,原木背-銀腿"",""price"":204400000,""price_before_discount"":255500000,""promotion_id"":782478869577728}','{""is_clickable"":true,""is_grayout"":false,""item_id"":50401012291,""model_id"":320092064616,""name"":""實木坐墊75CM,原木背-黑腿"",""price"":222800000,""price_before_discount"":278500000,""promotion_id"":782478869577728}','{""is_clickable"":true,""is_grayout"":false,""item_id"":50401012291,""model_id"":320092064647,""name"":""啞光黑色軟墊75CM,原木背-黑腿"",""price"":204400000,""price_before_discount"":255500000,""promotion_id"":782478869577728}','{""is_clickable"":true,""is_grayout"":false,""item_id"":50401012291,""model_id"":320092064657,""name"":""亮光黃棕軟墊75CM,黑色背-黑腿"",""price"":204400000,""price_before_discount"":255500000,""promotion_id"":782478869577728}','{""is_clickable"":true,""is_grayout"":false,""item_id"":50401012291,""model_id"":320092064653,""name"":""啞光黑色軟墊75CM,原木背-銀腿"",""price"":204400000,""price_before_discount"":255500000,""promotion_id"":782478869577728}','{""is_clickable"":true,""is_grayout"":false,""item_id"":50401012291,""model_id"":320092064610,""name"":""亮光黑色軟墊75CM,原木背-銀腿"",""price"":204400000,""price_before_discount"":255500000,""promotion_id"":782478869577728}','{""is_clickable"":true,""is_grayout"":false,""item_id"":50401012291,""model_id"":320092064636,""name"":""亮光黃棕軟墊75CM,衚桃背-銀腿"",""price"":204400000,""price_before_discount"":255500000,""promotion_id"":782478869577728}','{""is_clickable"":true,""is_grayout"":false,""item_id"":50401012291,""model_id"":320092064604,""name"":""啞光淺棕軟墊75CM,白色背-銀腿"",""price"":204400000,""price_before_discount"":255500000,""promotion_id"":782478869577728}','{""is_clickable"":true,""is_grayout"":false,""item_id"":50401012291,""model_id"":320092064635,""name"":""啞光黑色軟墊75CM,黑色背-黑腿"",""price"":204400000,""price_before_discount"":255500000,""promotion_id"":782478869577728}','{""is_clickable"":true,""is_grayout"":false,""item_id"":50401012291,""model_id"":320092064651,""name"":""亮光太妃棕軟墊75CM,黑色背-銀腿"",""price"":204400000,""price_before_discount"":255500000,""promotion_id"":782478869577728}','{""is_clickable"":true,""is_grayout"":false,""item_id"":50401012291,""model_id"":320092064602,""name"":""啞光淺棕軟墊75CM,原木背-銀腿"",""price"":204400000,""price_before_discount"":255500000,""promotion_id"":782478869577728}','{""is_clickable"":true,""is_grayout"":false,""item_id"":50401012291,""model_id"":320092064608,""name"":""亮光太妃棕軟墊75CM,櫻桃背-黑腿"",""price"":204400000,""price_before_discount"":255500000,""promotion_id"":782478869577728}','{""is_clickable"":true,""is_grayout"":false,""item_id"":50401012291,""model_id"":320092064603,""name"":""啞光淺棕軟墊75CM,櫻桃背-銀腿"",""price"":204400000,""price_before_discount"":255500000,""promotion_id"":782478869577728}','{""is_clickable"":true,""is_grayout"":false,""item_id"":50401012291,""model_id"":320092064625,""name"":""亮光黃棕軟墊75CM,衚桃背-黑腿"",""price"":204400000,""price_before_discount"":255500000,""promotion_id"":782478869577728}','{""is_clickable"":true,""is_grayout"":false,""item_id"":50401012291,""model_id"":320092064621,""name"":""亮光黃棕軟墊75CM,櫻桃背-黑腿"",""price"":204400000,""price_before_discount"":255500000,""promotion_id"":782478869577728}','{""is_clickable"":true,""is_grayout"":false,""item_id"":50401012291,""model_id"":320092064634,""name"":""亮光太妃棕軟墊75CM,白色背-黑腿"",""price"":204400000,""price_before_discount"":255500000,""promotion_id"":782478869577728}','{""is_clickable"":true,""is_grayout"":false,""item_id"":50401012291,""model_id"":320092064654,""name"":""實木坐墊75CM,白色背-黑腿"",""price"":222800000,""price_before_discount"":278500000,""promotion_id"":782478869577728}','{""is_clickable"":true,""is_grayout"":false,""item_id"":50401012291,""model_id"":320092064623,""name"":""啞光淺棕軟墊75CM,櫻桃背-黑腿"",""price"":204400000,""price_before_discount"":255500000,""promotion_id"":782478869577728}','{""is_clickable"":true,""is_grayout"":false,""item_id"":50401012291,""model_id"":320092064615,""name"":""啞光淺棕軟墊75CM,衚桃背-銀腿"",""price"":204400000,""price_before_discount"":255500000,""promotion_id"":782478869577728}','{""is_clickable"":true,""is_grayout"":false,""item_id"":50401012291,""model_id"":320092064631,""name"":""啞光黑色軟墊75CM,白色背-黑腿"",""price"":204400000,""price_before_discount"":255500000,""promotion_id"":782478869577728}','{""is_clickable"":true,""is_grayout"":false,""item_id"":50401012291,""model_id"":320092064627,""name"":""實木坐墊75CM,原木背-銀腿"",""price"":222800000,""price_before_discount"":278500000,""promotion_id"":782478869577728}','{""is_clickable"":true,""is_grayout"":false,""item_id"":50401012291,""model_id"":320092064620,""name"":""亮光黃棕軟墊75CM,黑色背-銀腿"",""price"":204400000,""price_before_discount"":255500000,""promotion_id"":782478869577728}','{""is_clickable"":true,""is_grayout"":false,""item_id"":50401012291,""model_id"":320092064638,""name"":""啞光黑色軟墊75CM,櫻桃背-銀腿"",""price"":204400000,""price_before_discount"":255500000,""promotion_id"":782478869577728}','{""is_clickable"":true,""is_grayout"":false,""item_id"":50401012291,""model_id"":320092064614,""name"":""啞光淺棕軟墊75CM,原木背-黑腿"",""price"":204400000,""price_before_discount"":255500000,""promotion_id"":782478869577728}','{""is_clickable"":true,""is_grayout"":false,""item_id"":50401012291,""model_id"":320092064649,""name"":""亮光太妃棕軟墊75CM,黑色背-黑腿"",""price"":204400000,""price_before_discount"":255500000,""promotion_id"":782478869577728}','{""is_clickable"":true,""is_grayout"":false,""item_id"":50401012291,""model_id"":320092064600,""name"":""啞光黑色軟墊75CM,黑色背-銀腿"",""price"":204400000,""price_before_discount"":255500000,""promotion_id"":782478869577728}','{""is_clickable"":true,""is_grayout"":false,""item_id"":50401012291,""model_id"":320092064641,""name"":""亮光黑色軟墊75CM,黑色背-銀腿"",""price"":204400000,""price_before_discount"":255500000,""promotion_id"":782478869577728}','{""is_clickable"":true,""is_grayout"":false,""item_id"":50401012291,""model_id"":320092064622,""name"":""亮光黑色軟墊75CM,櫻桃背-黑腿"",""price"":204400000,""price_before_discount"":255500000,""promotion_id"":782478869577728}','{""is_clickable"":true,""is_grayout"":false,""item_id"":50401012291,""model_id"":320092064612,""name"":""啞光黑色軟墊75CM,衚桃背-銀腿"",""price"":204400000,""price_before_discount"":255500000,""promotion_id"":782478869577728}','{""is_clickable"":true,""is_grayout"":false,""item_id"":50401012291,""model_id"":320092064650,""name"":""啞光淺棕軟墊75CM,衚桃背-黑腿"",""price"":204400000,""price_before_discount"":255500000,""promotion_id"":782478869577728}','{""is_clickable"":true,""is_grayout"":false,""item_id"":50401012291,""model_id"":320092064645,""name"":""亮光黃棕軟墊75CM,白色背-黑腿"",""price"":204400000,""price_before_discount"":255500000,""promotion_id"":782478869577728}','{""is_clickable"":true,""is_grayout"":false,""item_id"":50401012291,""model_id"":320092064613,""name"":""亮光黑色軟墊75CM,白色背-銀腿"",""price"":204400000,""price_before_discount"":255500000,""promotion_id"":782478869577728}','{""is_clickable"":true,""is_grayout"":false,""item_id"":50401012291,""model_id"":320092064630,""name"":""啞光淺棕軟墊75CM,黑色背-銀腿"",""price"":204400000,""price_before_discount"":255500000,""promotion_id"":782478869577728}','{""is_clickable"":true,""is_grayout"":false,""item_id"":50401012291,""model_id"":320092064632,""name"":""實木坐墊75CM,櫻桃背-黑腿"",""price"":222800000,""price_before_discount"":278500000,""promotion_id"":782478869577728}','{""is_clickable"":true,""is_grayout"":false,""item_id"":50401012291,""model_id"":320092064648,""name"":""亮光太妃棕軟墊75CM,原木背-黑腿"",""price"":204400000,""price_before_discount"":255500000,""promotion_id"":782478869577728}','{""is_clickable"":true,""is_grayout"":false,""item_id"":50401012291,""model_id"":320092064605,""name"":""啞光淺棕軟墊75CM,白色背-黑腿"",""price"":204400000,""price_before_discount"":255500000,""promotion_id"":782478869577728}','{""is_clickable"":true,""is_grayout"":false,""item_id"":50401012291,""model_id"":320092064642,""name"":""實木坐墊75CM,白色背-銀腿"",""price"":222800000,""price_before_discount"":278500000,""promotion_id"":782478869577728}','{""is_clickable"":true,""is_grayout"":false,""item_id"":50401012291,""model_id"":320092064606,""name"":""啞光黑色軟墊75CM,櫻桃背-黑腿"",""price"":204400000,""price_before_discount"":255500000,""promotion_id"":782478869577728}','{""is_clickable"":true,""is_grayout"":false,""item_id"":50401012291,""model_id"":320092064617,""name"":""實木坐墊75CM,黑色背-黑腿"",""price"":222800000,""price_before_discount"":278500000,""promotion_id"":782478869577728}','{""is_clickable"":true,""is_grayout"":false,""item_id"":50401012291,""model_id"":320092064656,""name"":""亮光黃棕軟墊75CM,原木背-黑腿"",""price"":204400000,""price_before_discount"":255500000,""promotion_id"":782478869577728}','{""is_clickable"":true,""is_grayout"":false,""item_id"":50401012291,""model_id"":320092064637,""name"":""啞光淺棕軟墊75CM,黑色背-黑腿"",""price"":204400000,""price_before_discount"":255500000,""promotion_id"":782478869577728}','{""is_clickable"":true,""is_grayout"":false,""item_id"":50401012291,""model_id"":320092064643,""name"":""實木坐墊75CM,黑色背-銀腿"",""price"":222800000,""price_before_discount"":278500000,""promotion_id"":782478869577728}','{""is_clickable"":true,""is_grayout"":false,""item_id"":50401012291,""model_id"":320092064607,""name"":""啞光黑色軟墊75CM,衚桃背-黑腿"",""price"":204400000,""price_before_discount"":255500000,""promotion_id"":782478869577728}','{""is_clickable"":true,""is_grayout"":false,""item_id"":50401012291,""model_id"":320092064640,""name"":""實木坐墊75CM,衚桃背-銀腿"",""price"":222800000,""price_before_discount"":278500000,""promotion_id"":782478869577728}','{""is_clickable"":true,""is_grayout"":false,""item_id"":50401012291,""model_id"":320092064618,""name"":""實木坐墊75CM,櫻桃背-銀腿"",""price"":222800000,""price_before_discount"":278500000,""promotion_id"":782478869577728}','{""is_clickable"":true,""is_grayout"":false,""item_id"":50401012291,""model_id"":315092649835,""name"":""亮光黑色軟墊75CM,衚桃背-銀腿"",""price"":204400000,""price_before_discount"":255500000,""promotion_id"":782478869577728}','{""is_clickable"":true,""is_grayout"":false,""item_id"":50401012291,""model_id"":320092064611,""name"":""亮光黑色軟墊75CM,衚桃背-黑腿"",""price"":204400000,""price_before_discount"":255500000,""promotion_id"":782478869577728}','{""is_clickable"":true,""is_grayout"":false,""item_id"":50401012291,""model_id"":320092064626,""name"":""亮光黑色軟墊75CM,黑色背-黑腿"",""price"":204400000,""price_before_discount"":255500000,""promotion_id"":782478869577728}','{""is_clickable"":true,""is_grayout"":false,""item_id"":50401012291,""model_id"":320092064655,""name"":""亮光太妃棕軟墊75CM,白色背-銀腿"",""price"":204400000,""price_before_discount"":255500000,""promotion_id"":782478869577728}','{""is_clickable"":true,""is_grayout"":false,""item_id"":50401012291,""model_id"":320092064628,""name"":""亮光黑色軟墊75CM,原木背-黑腿"",""price"":204400000,""price_before_discount"":255500000,""promotion_id"":782478869577728}','{""is_clickable"":true,""is_grayout"":false,""item_id"":50401012291,""model_id"":320092064609,""name"":""亮光太妃棕軟墊75CM,衚桃背-黑腿"",""price"":204400000,""price_before_discount"":255500000,""promotion_id"":782478869577728}','{""is_clickable"":true,""is_grayout"":false,""item_id"":50401012291,""model_id"":320092064619,""name"":""亮光太妃棕軟墊75CM,櫻桃背-銀腿"",""price"":204400000,""price_before_discount"":255500000,""promotion_id"":782478869577728}','{""is_clickable"":true,""is_grayout"":false,""item_id"":50401012291,""model_id"":320092064644,""name"":""實木坐墊75CM,衚桃背-黑腿"",""price"":222800000,""price_before_discount"":278500000,""promotion_id"":782478869577728}','{""is_clickable"":true,""is_grayout"":false,""item_id"":50401012291,""model_id"":320092064601,""name"":""亮光黃棕軟墊75CM,原木背-銀腿"",""price"":204400000,""price_before_discount"":255500000,""promotion_id"":782478869577728}','{""is_clickable"":true,""is_grayout"":false,""item_id"":50401012291,""model_id"":320092064652,""name"":""亮光黃棕軟墊75CM,白色背-銀腿"",""price"":204400000,""price_before_discount"":255500000,""promotion_id"":782478869577728}','{""is_clickable"":true,""is_grayout"":false,""item_id"":50401012291,""model_id"":320092064624,""name"":""亮光黃棕軟墊75CM,櫻桃背-銀腿"",""price"":204400000,""price_before_discount"":255500000,""promotion_id"":782478869577728}','{""is_clickable"":true,""is_grayout"":false,""item_id"":50401012291,""model_id"":320092064639,""name"":""啞光黑色軟墊75CM,白色背-銀腿"",""price"":204400000,""price_before_discount"":255500000,""promotion_id"":782478869577728}']","2025-11-08 07:15:27.000","婉怡家居全屋訂製",4.7625,100,3163,38489,3,"2025-03-14 02:50:33.000",false,111,2,2,false,"桃園市蘆竹區",,,0,60,"[PREMIUM]"
"9844600.22635545177","2026-02-16 23:59:57.692","2026-02-16 23:59:57.692","22635545177","9844600","【爆款新品】【臺北出貨】港味甜辣妹露背弔帶包臀連衣裙女純慾氣質魚尾中長款打底後媽裙裙","歡迎光臨 Jaclena💋|傑瑟琳娜衣櫥舘，希望你可以找到自己喜歡的衣服哦！
本店所有的產品都是現貨呦，水水們可以直接下單
【購買註意】😀
衣物屬於貼身物品，如果拆封後進行試穿會影響二次銷售，固不得於七日內不附理由解除契約，如慾退貨請勿貼身試穿。
如果惡意下單後不取件者，將會進行差評舉報處理，會影響個人信譽無法繼續享用貨到付款，情況嚴重者一律通過法律渠道追究，請水水們自重。 
【質量售後保證】😀
本賣場一定以最高效率為您齣貨，一般情況下標3-5內天齣貨，因爲訂單量較大，疫情影響，小妹一人打包速度有限😀
所以小妹將發貨時間設置在5天-7天內齣貨，當然小妹會盡快為您安排發貨，請您耐心等待會盡力迅速發貨，可聯係小妹加急。齣貨時間非100%人為可控，請耐心等待
水水們有任何問題請多使用聊聊功能喔！例如：顏色、尺寸、有無現貨及售後服務等等 😀
如果您對我們的產品感到滿意，請給我們一個積極的反饋（5星好評是對我們最大的鼓勵）。 😀
本店產品部分為進口產物或免稅店採購 無任何稅收 無需實名認證 放心下單❤
如將賣場分享給20名朋友，可獲得30塊優惠捲喔，可截圖找客服領取！❤
並且本賣場征集優質買傢返圖中，歡迎各位美女們將買傢秀放在我們的評價裏，優秀買傢秀會獲得我們的小禮物喔！❤
麵料/材質：其它/滌綸（聚酯縴維）
成分含量：71%（含）—80%（含）
風格：氣質名媛/淑女
流行元素/工藝：純色
組閤形式：單件
款式：背帶裙
袖長：無袖
裙長：長裙
領型款式：弔帶
適用年齡：青年（18-25週嵗）
是否加絨：不加絨
上市時節：2023年夏季
袖型：常規
","normal",1,100017,"['{""catid"":100017,""display_name"":""女生衣著"",""is_default_subcat"":false,""no_sub"":false}','{""catid"":100102,""display_name"":""裙裝"",""is_default_subcat"":false,""no_sub"":true}']",,,"TWD","[PREMIUM]",66000000,66000000,66000000,66000000,66000000,0,0,0,0,2,"桃園市蘆竹區",false,true,7,false,false,"['tw-11134201-7qul7-ley4z9vmgugfd4','sg-11134201-23030-3g1j5lxx4fovc9','tw-11134201-7qukw-ley4zbcmbb5z26','sg-11134201-23030-3g1j5lxx4fovc9','tw-11134201-7qul4-ley4z909qqtjd4','sg-11134201-23030-l9ou1ryx4fov1f','tw-11134201-7qul4-ley4z909qqtjd4','sg-11134201-23030-0nr5hxxx4fov5e','sg-11134201-23030-kesd7cwx4fovb7']","['{""is_clickable"":true,""is_grayout"":false,""item_id"":22635545177,""model_id"":156769671349,""name"":""咖啡色,XL"",""price"":66000000,""price_before_discount"":0,""promotion_id"":0}','{""is_clickable"":true,""is_grayout"":false,""item_id"":22635545177,""model_id"":165773215073,""name"":""灰色,XL"",""price"":66000000,""price_before_discount"":0,""promotion_id"":0}','{""is_clickable"":true,""is_grayout"":false,""item_id"":22635545177,""model_id"":156769671352,""name"":""咖啡色,2XL"",""price"":66000000,""price_before_discount"":0,""promotion_id"":0}','{""is_clickable"":true,""is_grayout"":false,""item_id"":22635545177,""model_id"":156769671357,""name"":""咖啡色,M"",""price"":66000000,""price_before_discount"":0,""promotion_id"":0}','{""is_clickable"":true,""is_grayout"":false,""item_id"":22635545177,""model_id"":165773215072,""name"":""黑色,M"",""price"":66000000,""price_before_discount"":0,""promotion_id"":0}','{""is_clickable"":true,""is_grayout"":false,""item_id"":22635545177,""model_id"":156769671356,""name"":""灰色,L"",""price"":66000000,""price_before_discount"":0,""promotion_id"":0}','{""is_clickable"":true,""is_grayout"":false,""item_id"":22635545177,""model_id"":156769671359,""name"":""黑色,L"",""price"":66000000,""price_before_discount"":0,""promotion_id"":0}','{""is_clickable"":true,""is_grayout"":false,""item_id"":22635545177,""model_id"":165773215070,""name"":""黑色,XL"",""price"":66000000,""price_before_discount"":0,""promotion_id"":0}','{""is_clickable"":true,""is_grayout"":false,""item_id"":22635545177,""model_id"":156769671351,""name"":""咖啡色,S"",""price"":66000000,""price_before_discount"":0,""promotion_id"":0}','{""is_clickable"":true,""is_grayout"":false,""item_id"":22635545177,""model_id"":156769671353,""name"":""黑色,2XL"",""price"":66000000,""price_before_discount"":0,""promotion_id"":0}','{""is_clickable"":true,""is_grayout"":false,""item_id"":22635545177,""model_id"":156769671358,""name"":""黑色,S"",""price"":66000000,""price_before_discount"":0,""promotion_id"":0}','{""is_clickable"":true,""is_grayout"":false,""item_id"":22635545177,""model_id"":156769671350,""name"":""灰色,2XL"",""price"":66000000,""price_before_discount"":0,""promotion_id"":0}','{""is_clickable"":true,""is_grayout"":false,""item_id"":22635545177,""model_id"":156769671354,""name"":""灰色,S"",""price"":66000000,""price_before_discount"":0,""promotion_id"":0}','{""is_clickable"":true,""is_grayout"":false,""item_id"":22635545177,""model_id"":156769671355,""name"":""灰色,M"",""price"":66000000,""price_before_discount"":0,""promotion_id"":0}','{""is_clickable"":true,""is_grayout"":false,""item_id"":22635545177,""model_id"":165773215071,""name"":""咖啡色,L"",""price"":66000000,""price_before_discount"":0,""promotion_id"":0}']","2023-03-29 09:19:03.000","Jaclena💋|傑瑟琳娜衣櫥舘",4.744114,57,0,21335,4995,"2016-09-11 02:32:20.000",false,5554,246,147,false,"桃園市蘆竹區",,,-1,15,"[PREMIUM]"
"7540932.27228190066","2026-02-16 23:59:55.403","2026-02-16 23:59:55.403","27228190066","7540932","🌺新品特價免運🌺 2025新款飯盒包時尚外出女包尼龍袋媽咪手提袋子手提包便當袋花財","⭐臺灣賣家 安心購買 售後有保障⭐

◆平日一到五 下午【1】點結單 節假日不出貨，不開放預購留貨

▫️包裹到達超商後，記得5-7日內要去領貨ㄛ！不可以當不領貨的壞寶寶😭😭

◆貨到店未取貨者 列入黑單不續下次服務

◆優質品質 優選賣家

◆全館享有7天鑑賞期退換貨【找不到商品可以找聊聊客服聯繫】

◆如遇商品體積過大無法超取需請買家配合更改寄送方式～購買物品超過以下標準請選擇郵寄唷：長寬高總和 ≦ 105cm材積 ≦ 45*30*30cm最長邊 ≦ 45cm且其他兩邊≦30cm重量需要 5 公斤以內

❗【依消保法規定】

→退換貨範圍不適用貼身衣物(如:安全褲、絲襪.襪子.抹胸.內搭褲...)

【退換貨/瑕疵】

◆若您收到商品有異樣、瑕疵或不符需求，請立即拍照與影片聊聊聯繫我們，有任何問題請收到商品24小時內聊聊告知客服人員

◆【依消保法規定】

退換貨範圍不適用貼身衣物如:(安全褲.絲襪.襪子.抹胸.內搭褲...)

訂單狀態顯示『訂單處理中』，即進入出貨程式，無法再變更或取消～

▫️收到商品後請先確認有無完整，沒問題後在做使用，避免有退換貨爭議



▫️商品上有任何問題請不要直接給3408顆星以下/沒有理由的差評🌟 歡迎使用聊聊與我們聯繫唷！","normal",1,100016,"['{""catid"":100016,""display_name"":""女生包包\\/精品"",""is_default_subcat"":false,""no_sub"":false}','{""catid"":100094,""display_name"":""手提包"",""is_default_subcat"":false,""no_sub"":true}']",,,"TWD","[PREMIUM]",10300000,20600000,10300000,10300000,20600000,0,5,1,1,2,"桃園市蘆竹區",false,false,1,false,false,"['tw-11134201-7rbk6-m6wlvevm0yoo13','tw-11134201-7rbk9-m6wlvf97h2fs7e','tw-11134201-7rbkb-m6wlvfy6givs09','tw-11134201-7rbk2-m6wlvgcbx7yw70','tw-11134201-7rbka-m6wlvgp3d6ucd5','tw-11134201-7rbke-m6wlvh56pn1g93','tw-11134201-7rbk9-m6wlvhjc4xk4ea','tw-11134201-7rbkc-m6wlvi45ah4v10','tw-11134201-7rbk8-m6wlvijynby7ff']","['{""is_clickable"":true,""is_grayout"":false,""item_id"":27228190066,""model_id"":139263138097,""name"":""Y1406卡其格纹"",""price"":10300000,""price_before_discount"":0,""promotion_id"":0}','{""is_clickable"":true,""is_grayout"":false,""item_id"":27228190066,""model_id"":139263138110,""name"":""Y5904黑色格纹"",""price"":20600000,""price_before_discount"":0,""promotion_id"":0}','{""is_clickable"":true,""is_grayout"":false,""item_id"":27228190066,""model_id"":139263138095,""name"":""Y5904紫色"",""price"":20600000,""price_before_discount"":0,""promotion_id"":0}','{""is_clickable"":true,""is_grayout"":false,""item_id"":27228190066,""model_id"":139263138096,""name"":""Y1406粉色波点"",""price"":10300000,""price_before_discount"":0,""promotion_id"":0}','{""is_clickable"":true,""is_grayout"":false,""item_id"":27228190066,""model_id"":139263138102,""name"":""Y5904蓝色"",""price"":20600000,""price_before_discount"":0,""promotion_id"":0}','{""is_clickable"":true,""is_grayout"":false,""item_id"":27228190066,""model_id"":139263138112,""name"":""Y5904蓝大花"",""price"":20600000,""price_before_discount"":0,""promotion_id"":0}','{""is_clickable"":true,""is_grayout"":false,""item_id"":27228190066,""model_id"":139263138093,""name"":""Y5904复古花"",""price"":20600000,""price_before_discount"":0,""promotion_id"":0}','{""is_clickable"":true,""is_grayout"":false,""item_id"":27228190066,""model_id"":139263138099,""name"":""Y5904蓝气球"",""price"":20600000,""price_before_discount"":0,""promotion_id"":0}','{""is_clickable"":true,""is_grayout"":false,""item_id"":27228190066,""model_id"":139263138107,""name"":""Y5904黑气球"",""price"":20600000,""price_before_discount"":0,""promotion_id"":0}','{""is_clickable"":true,""is_grayout"":false,""item_id"":27228190066,""model_id"":139263138113,""name"":""Y5904玫红色"",""price"":20600000,""price_before_discount"":0,""promotion_id"":0}','{""is_clickable"":true,""is_grayout"":false,""item_id"":27228190066,""model_id"":139263138106,""name"":""Y1406白大花"",""price"":10300000,""price_before_discount"":0,""promotion_id"":0}','{""is_clickable"":true,""is_grayout"":false,""item_id"":27228190066,""model_id"":139263138094,""name"":""Y5904黑色"",""price"":20600000,""price_before_discount"":0,""promotion_id"":0}','{""is_clickable"":true,""is_grayout"":false,""item_id"":27228190066,""model_id"":139263138101,""name"":""Y5904酒红"",""price"":20600000,""price_before_discount"":0,""promotion_id"":0}','{""is_clickable"":true,""is_grayout"":false,""item_id"":27228190066,""model_id"":139263138108,""name"":""Y5904彩小花"",""price"":20600000,""price_before_discount"":0,""promotion_id"":0}','{""is_clickable"":true,""is_grayout"":false,""item_id"":27228190066,""model_id"":139263138100,""name"":""Y5904白小花"",""price"":20600000,""price_before_discount"":0,""promotion_id"":0}','{""is_clickable"":true,""is_grayout"":false,""item_id"":27228190066,""model_id"":139263138105,""name"":""Y1406彩色印章"",""price"":10300000,""price_before_discount"":0,""promotion_id"":0}','{""is_clickable"":true,""is_grayout"":false,""item_id"":27228190066,""model_id"":139263138115,""name"":""Y5904卡其格纹"",""price"":20600000,""price_before_discount"":0,""promotion_id"":0}','{""is_clickable"":true,""is_grayout"":false,""item_id"":27228190066,""model_id"":139263138104,""name"":""Y1406紫色格纹"",""price"":10300000,""price_before_discount"":0,""promotion_id"":0}','{""is_clickable"":true,""is_grayout"":false,""item_id"":27228190066,""model_id"":139263138114,""name"":""Y5904灰色"",""price"":20600000,""price_before_discount"":0,""promotion_id"":0}','{""is_clickable"":true,""is_grayout"":false,""item_id"":27228190066,""model_id"":139263138109,""name"":""Y5904彩燕子"",""price"":20600000,""price_before_discount"":0,""promotion_id"":0}','{""is_clickable"":true,""is_grayout"":false,""item_id"":27228190066,""model_id"":139263138098,""name"":""Y1406蓝色大花"",""price"":10300000,""price_before_discount"":0,""promotion_id"":0}','{""is_clickable"":true,""is_grayout"":false,""item_id"":27228190066,""model_id"":139263138111,""name"":""Y1406七彩小花"",""price"":10300000,""price_before_discount"":0,""promotion_id"":0}','{""is_clickable"":true,""is_grayout"":false,""item_id"":27228190066,""model_id"":139263138103,""name"":""Y1406黑色格纹"",""price"":10300000,""price_before_discount"":0,""promotion_id"":0}']","2025-03-03 13:13:46.000","花財好物嚴選\\滿99出貨",4.794662,57,0,1422,3380,"2016-07-04 16:32:45.000",false,8286,311,134,false,"桃園市蘆竹區",,,-1,23,"[PREMIUM]"
"1578487150.57650989079","2026-02-16 23:59:55.213","2026-02-16 23:59:55.213","57650989079","1578487150","现货现发多巴胺镜柜磁吸手柄漱口杯置物架免打孔一家四口倒挂沥水洗漱收纳luzukun02tw20251107","熊貓+小雞【磁吸收納/可愛插畫】
熊貓+小貓【磁吸收納/可愛插畫】
小狗+小貓【磁吸收納/可愛插畫】
熊貓+小狗【磁吸收納/可愛插畫】
小狗+小雞【磁吸收納/可愛插畫】
小雞+小貓【磁吸收納/可愛插畫】
四個組合裝【性價比之選/磁吸收納/可愛插畫】
小貓+小雞+小狗【磁吸收納/可愛插畫】
小貓+熊貓+小雞【磁吸收納/可愛插畫】
小貓+熊貓+小狗【磁吸收納/可愛插畫】
小雞+熊貓+小狗【磁吸收納/可愛插畫】
優雅小貓-單個裝【磁吸收納/可愛插畫】
學霸小狗-單個裝【磁吸收納/可愛插畫】
吃貨熊貓-單個裝【磁吸收納/可愛插畫】
酷萌小雞-單個裝【磁吸收納/可愛插畫】


現貨現發多巴胺鏡櫃磁吸手柄漱口杯置物架免打孔一家四口倒掛瀝水洗漱收納luzukun02tw20251107","normal",1,100636,"['{""catid"":100636,""display_name"":""居家生活"",""is_default_subcat"":false,""no_sub"":false}','{""catid"":100709,""display_name"":""浴室"",""is_default_subcat"":false,""no_sub"":false}','{""catid"":101132,""display_name"":""牙刷架、擠牙膏器"",""is_default_subcat"":false,""no_sub"":true}']",,,"TWD","[PREMIUM]",20000000,59000000,20000000,20000000,59000000,0,0,0,0,0,"中國大陸",false,false,1,false,false,"['sg-11134201-821fq-mgs1gdv4uolm77','sg-11134201-821en-mgs1gduhd2q476','sg-11134201-821e2-mgs1gdunde6mb4','sg-11134201-821f9-mgs1gdpqw3kc2b','sg-11134201-821cw-mgs1gdpk53be83','sg-11134201-821fv-mgs1gdpuy6mh95','sg-11134201-821dk-mgs1gdpsq2oc8e','sg-11134201-821fd-mgs1gdpqce195b','sg-11134201-821el-mgs1gdpt8c2067']","['{""is_clickable"":true,""is_grayout"":false,""item_id"":57650989079,""model_id"":277134148735,""name"":""熊猫+小狗【磁吸收纳\\/可爱插画】"",""price"":33000000,""price_before_discount"":0,""promotion_id"":0}','{""is_clickable"":true,""is_grayout"":false,""item_id"":57650989079,""model_id"":277134148743,""name"":""优雅小猫-单个装【磁吸收纳\\/可爱"",""price"":20000000,""price_before_discount"":0,""promotion_id"":0}','{""is_clickable"":true,""is_grayout"":false,""item_id"":57650989079,""model_id"":277134148745,""name"":""吃货熊猫-单个装【磁吸收纳\\/可爱"",""price"":20000000,""price_before_discount"":0,""promotion_id"":0}','{""is_clickable"":true,""is_grayout"":false,""item_id"":57650989079,""model_id"":277134148744,""name"":""学霸小狗-单个装【磁吸收纳\\/可爱"",""price"":20000000,""price_before_discount"":0,""promotion_id"":0}','{""is_clickable"":true,""is_grayout"":false,""item_id"":57650989079,""model_id"":277134148740,""name"":""小猫+熊猫+小鸡【磁吸收纳\\/可爱插"",""price"":45900000,""price_before_discount"":0,""promotion_id"":0}','{""is_clickable"":true,""is_grayout"":false,""item_id"":57650989079,""model_id"":277134148738,""name"":""四个组合装【性价比之选\\/磁吸收纳"",""price"":59000000,""price_before_discount"":0,""promotion_id"":0}','{""is_clickable"":true,""is_grayout"":false,""item_id"":57650989079,""model_id"":277134148732,""name"":""熊猫+小鸡【磁吸收纳\\/可爱插画】"",""price"":33000000,""price_before_discount"":0,""promotion_id"":0}','{""is_clickable"":true,""is_grayout"":false,""item_id"":57650989079,""model_id"":277134148736,""name"":""小狗+小鸡【磁吸收纳\\/可爱插画】"",""price"":33000000,""price_before_discount"":0,""promotion_id"":0}','{""is_clickable"":true,""is_grayout"":false,""item_id"":57650989079,""model_id"":277134148733,""name"":""熊猫+小猫【磁吸收纳\\/可爱插画】"",""price"":33000000,""price_before_discount"":0,""promotion_id"":0}','{""is_clickable"":true,""is_grayout"":false,""item_id"":57650989079,""model_id"":277134148739,""name"":""小猫+小鸡+小狗【磁吸收纳\\/可爱插"",""price"":45900000,""price_before_discount"":0,""promotion_id"":0}','{""is_clickable"":true,""is_grayout"":false,""item_id"":57650989079,""model_id"":277134148741,""name"":""小猫+熊猫+小狗【磁吸收纳\\/可爱插"",""price"":45900000,""price_before_discount"":0,""promotion_id"":0}','{""is_clickable"":true,""is_grayout"":false,""item_id"":57650989079,""model_id"":277134148742,""name"":""小鸡+熊猫+小狗【磁吸收纳\\/可爱插"",""price"":45900000,""price_before_discount"":0,""promotion_id"":0}','{""is_clickable"":true,""is_grayout"":false,""item_id"":57650989079,""model_id"":277134148746,""name"":""酷萌小鸡-单个装【磁吸收纳\\/可爱"",""price"":20000000,""price_before_discount"":0,""promotion_id"":0}','{""is_clickable"":true,""is_grayout"":false,""item_id"":57650989079,""model_id"":277134148734,""name"":""小狗+小猫【磁吸收纳\\/可爱插画】"",""price"":33000000,""price_before_discount"":0,""promotion_id"":0}','{""is_clickable"":true,""is_grayout"":false,""item_id"":57650989079,""model_id"":277134148737,""name"":""小鸡+小猫【磁吸收纳\\/可爱插画】"",""price"":33000000,""price_before_discount"":0,""promotion_id"":0}']","2025-11-07 13:52:46.000","luzukun02.tw",5,57,0,2,100,"2025-07-03 13:54:43.000",false,2,0,0,false,"海外",,,-1,15,"[PREMIUM]"
"509651089.40217166417","2026-02-16 23:59:55.165","2026-02-16 23:59:55.165","40217166417","509651089","鑰匙圈Miffy米菲兔蛋糕小鼻嘎鑰匙扣廚師手機鏈吊飾包包鑰匙鏈掛飾","下單注意：

請務必取貨，未取貨我們會電話通知您。商品被銷燬可以依刑法355條起訴哦！貨到不取者，將賠償150元的運送損失，如違法者將依法報案，爭取自身權益！各位水水們，貨到付款一定要取貨哦~取貨率低於85%的客戶，請使用先付款後取貨！

我們接受尺碼不合適換貨，運費由買家出哦，請在24小時內告知，確認寄出，超時不受理。

所有貨品因拍攝和顯示器的不同，會有少量色差，具體以實物為準。

對我們的商品和服務滿意的，麻煩您給五星好評哦，有任何不滿意的地方請在聊聊聯繫我們，我們一定給您一個滿意的解決方案。請手下留情，不要隨意給1星或2星差評哦，賣場是我們很辛苦的勞動成果。祝您購物愉快！","normal",1,100639,"['{""catid"":100639,""display_name"":""愛好與收藏品"",""is_default_subcat"":false,""no_sub"":false}','{""catid"":100738,""display_name"":""紀念品"",""is_default_subcat"":false,""no_sub"":false}','{""catid"":101396,""display_name"":""鑰匙圈"",""is_default_subcat"":false,""no_sub"":true}']",,,"TWD","[PREMIUM]",51800000,51800000,51800000,51800000,51800000,0,0,0,0,0,"中國大陸",false,false,1,false,false,"['sg-11134201-824in-me061j8p11qf06','sg-11134201-824il-me061lk4ight0f','sg-11134201-824hi-me0621ofdiwxd0','sg-11134201-824hq-me06272dndac35','sg-11134201-824g6-me062ci9lurl50','sg-11134201-824h9-me062j6leghtd2','sg-11134201-824in-me062liqr47549','sg-11134201-824if-me062tmb6m0w6b','sg-11134201-824jb-me062yrit5og24']","['{""is_clickable"":true,""is_grayout"":false,""item_id"":40217166417,""model_id"":234477010678,""name"":""正版米菲小鼻嘎對扣-打球"",""price"":51800000,""price_before_discount"":0,""promotion_id"":0}','{""is_clickable"":true,""is_grayout"":false,""item_id"":40217166417,""model_id"":234477010679,""name"":""正版米菲小鼻嘎對扣-情侶款"",""price"":51800000,""price_before_discount"":0,""promotion_id"":0}','{""is_clickable"":true,""is_grayout"":false,""item_id"":40217166417,""model_id"":234477010680,""name"":""正版米菲小鼻嘎美食對扣吊飾-廚"",""price"":51800000,""price_before_discount"":0,""promotion_id"":0}','{""is_clickable"":true,""is_grayout"":false,""item_id"":40217166417,""model_id"":234477010681,""name"":""正版米菲小鼻嘎美食對扣吊飾-蛋"",""price"":51800000,""price_before_discount"":0,""promotion_id"":0}']","2025-09-02 15:44:48.000","小尹恩婚紗發飾居家裝飾（批發/零售）",4.917419,40,0,1979,974,"2021-08-11 12:03:33.000",false,1594,27,15,false,"海外",,,-1,4,"[PREMIUM]"
"1438848075.45951032491","2026-02-16 23:59:55.145","2026-02-16 23:59:55.145","45951032491","1438848075","透明抽屜式收納櫃家用客廳置物櫃多層夾縫儲物櫃子日式臥室床頭櫃 3CKM","❤【買家須知】
✿商品下單後會在24-72小時為您出貨，通常情況下預計6-10日可送達
✿商品顏色因顯示器不同、拍照燈光角度關係可能存在輕微色差，以實際顏色為主喔，對色差零容忍的朋友請慎拍
✿因為人工生產尺量等因素，可能有正負約1-2cm工差，請買家下單注意
﻿
❤小店對待每一位顧客都很用心，如果您在收到產品後有任何問題，請立即聯繫我們，不要隨意給差評
如果有任何想發或者建議都可以和我溝通哦！您的每一個好評都是對我們最大的支持
﻿
❤收到訂單將立即通知倉庫為您安排出貨","normal",1,100636,"['{""catid"":100636,""display_name"":""居家生活"",""is_default_subcat"":false,""no_sub"":false}','{""catid"":100713,""display_name"":""傢俱"",""is_default_subcat"":false,""no_sub"":false}','{""catid"":101173,""display_name"":""茶櫃、櫥櫃"",""is_default_subcat"":false,""no_sub"":true}']",,,"TWD","[PREMIUM]",199500000,486900000,199500000,199500000,486900000,0,0,0,0,0,"中國大陸",false,false,1,false,false,"['sg-11134201-7rfg4-m4bglubdq7vbd2','sg-11134201-7rfgk-m4bglv6qgc561f','sg-11134201-7rffm-m4bglvzla3y259','sg-11134201-7rfhp-m4bglx5hkub815','sg-11134201-7rfha-m4bgly288vb7f1','sg-11134201-7rfi0-m4bglzubn2oi97','sg-11134201-7rfgv-m4bgm0rmaen6c6','sg-11134201-7rfgg-m4bgm22sdbo2a4','sg-11134201-7rfg8-m4bgm3i4bmmvb7']","['{""is_clickable"":true,""is_grayout"":false,""item_id"":45951032491,""model_id"":244080332153,""name"":""條紋透明灰【35面寬】深40cm,6層"",""price"":374600000,""price_before_discount"":0,""promotion_id"":0}','{""is_clickable"":true,""is_grayout"":false,""item_id"":45951032491,""model_id"":267136131389,""name"":""條紋透明茶【45面寬】深40cm,6層"",""price"":440200000,""price_before_discount"":0,""promotion_id"":0}','{""is_clickable"":true,""is_grayout"":false,""item_id"":45951032491,""model_id"":267136131395,""name"":""條紋透明白【55面寬】深40cm,4層"",""price"":396400000,""price_before_discount"":0,""promotion_id"":0}','{""is_clickable"":true,""is_grayout"":false,""item_id"":45951032491,""model_id"":267136131393,""name"":""條紋透明灰【55面寬】深40cm,6層"",""price"":486900000,""price_before_discount"":0,""promotion_id"":0}','{""is_clickable"":true,""is_grayout"":false,""item_id"":45951032491,""model_id"":267136131383,""name"":""條紋透明白【45面寬】深40cm,4層"",""price"":330800000,""price_before_discount"":0,""promotion_id"":0}','{""is_clickable"":true,""is_grayout"":false,""item_id"":45951032491,""model_id"":244080332150,""name"":""條紋透明灰【35面寬】深40cm,3層"",""price"":199500000,""price_before_discount"":0,""promotion_id"":0}','{""is_clickable"":true,""is_grayout"":false,""item_id"":45951032491,""model_id"":267136131400,""name"":""條紋透明茶【55面寬】深40cm,5層"",""price"":440200000,""price_before_discount"":0,""promotion_id"":0}','{""is_clickable"":true,""is_grayout"":false,""item_id"":45951032491,""model_id"":244080332151,""name"":""條紋透明灰【35面寬】深40cm,4層"",""price"":265100000,""price_before_discount"":0,""promotion_id"":0}','{""is_clickable"":true,""is_grayout"":false,""item_id"":45951032491,""model_id"":267136131390,""name"":""條紋透明灰【55面寬】深40cm,3層"",""price"":352700000,""price_before_discount"":0,""promotion_id"":0}','{""is_clickable"":true,""is_grayout"":false,""item_id"":45951032491,""model_id"":267136131397,""name"":""條紋透明白【55面寬】深40cm,6層"",""price"":486900000,""price_before_discount"":0,""promotion_id"":0}','{""is_clickable"":true,""is_grayout"":false,""item_id"":45951032491,""model_id"":267136131398,""name"":""條紋透明茶【55面寬】深40cm,3層"",""price"":352700000,""price_before_discount"":0,""promotion_id"":0}','{""is_clickable"":true,""is_grayout"":false,""item_id"":45951032491,""model_id"":267136131384,""name"":""條紋透明白【45面寬】深40cm,5層"",""price"":374600000,""price_before_discount"":0,""promotion_id"":0}','{""is_clickable"":true,""is_grayout"":false,""item_id"":45951032491,""model_id"":267136131381,""name"":""條紋透明灰【45面寬】深40cm,6層"",""price"":440200000,""price_before_discount"":0,""promotion_id"":0}','{""is_clickable"":true,""is_grayout"":false,""item_id"":45951032491,""model_id"":267136131382,""name"":""條紋透明白【45面寬】深40cm,3層"",""price"":287000000,""price_before_discount"":0,""promotion_id"":0}','{""is_clickable"":true,""is_grayout"":false,""item_id"":45951032491,""model_id"":244080332161,""name"":""條紋透明茶【35面寬】深40cm,6層"",""price"":374600000,""price_before_discount"":0,""promotion_id"":0}','{""is_clickable"":true,""is_grayout"":false,""item_id"":45951032491,""model_id"":244080332163,""name"":""條紋透明灰【45面寬】深40cm,4層"",""price"":330800000,""price_before_discount"":0,""promotion_id"":0}','{""is_clickable"":true,""is_grayout"":false,""item_id"":45951032491,""model_id"":244080332158,""name"":""條紋透明茶【35面寬】深40cm,3層"",""price"":199500000,""price_before_discount"":0,""promotion_id"":0}','{""is_clickable"":true,""is_grayout"":false,""item_id"":45951032491,""model_id"":267136131388,""name"":""條紋透明茶【45面寬】深40cm,5層"",""price"":374600000,""price_before_discount"":0,""promotion_id"":0}','{""is_clickable"":true,""is_grayout"":false,""item_id"":45951032491,""model_id"":267136131401,""name"":""條紋透明茶【55面寬】深40cm,6層"",""price"":486900000,""price_before_discount"":0,""promotion_id"":0}','{""is_clickable"":true,""is_grayout"":false,""item_id"":45951032491,""model_id"":244080332157,""name"":""條紋透明白【35面寬】深40cm,6層"",""price"":374600000,""price_before_discount"":0,""promotion_id"":0}','{""is_clickable"":true,""is_grayout"":false,""item_id"":45951032491,""model_id"":267136131392,""name"":""條紋透明灰【55面寬】深40cm,5層"",""price"":440200000,""price_before_discount"":0,""promotion_id"":0}','{""is_clickable"":true,""is_grayout"":false,""item_id"":45951032491,""model_id"":244080332160,""name"":""條紋透明茶【35面寬】深40cm,5層"",""price"":308900000,""price_before_discount"":0,""promotion_id"":0}','{""is_clickable"":true,""is_grayout"":false,""item_id"":45951032491,""model_id"":267136131396,""name"":""條紋透明白【55面寬】深40cm,5層"",""price"":440200000,""price_before_discount"":0,""promotion_id"":0}','{""is_clickable"":true,""is_grayout"":false,""item_id"":45951032491,""model_id"":267136131391,""name"":""條紋透明灰【55面寬】深40cm,4層"",""price"":396400000,""price_before_discount"":0,""promotion_id"":0}','{""is_clickable"":true,""is_grayout"":false,""item_id"":45951032491,""model_id"":244080332156,""name"":""條紋透明白【35面寬】深40cm,5層"",""price"":308900000,""price_before_discount"":0,""promotion_id"":0}','{""is_clickable"":true,""is_grayout"":false,""item_id"":45951032491,""model_id"":244080332162,""name"":""條紋透明灰【45面寬】深40cm,3層"",""price"":287000000,""price_before_discount"":0,""promotion_id"":0}','{""is_clickable"":true,""is_grayout"":false,""item_id"":45951032491,""model_id"":244080332164,""name"":""條紋透明灰【45面寬】深40cm,5層"",""price"":374600000,""price_before_discount"":0,""promotion_id"":0}','{""is_clickable"":true,""is_grayout"":false,""item_id"":45951032491,""model_id"":244080332154,""name"":""條紋透明白【35面寬】深40cm,3層"",""price"":199500000,""price_before_discount"":0,""promotion_id"":0}','{""is_clickable"":true,""is_grayout"":false,""item_id"":45951032491,""model_id"":267136131399,""name"":""條紋透明茶【55面寬】深40cm,4層"",""price"":396400000,""price_before_discount"":0,""promotion_id"":0}','{""is_clickable"":true,""is_grayout"":false,""item_id"":45951032491,""model_id"":244080332155,""name"":""條紋透明白【35面寬】深40cm,4層"",""price"":265100000,""price_before_discount"":0,""promotion_id"":0}','{""is_clickable"":true,""is_grayout"":false,""item_id"":45951032491,""model_id"":267136131385,""name"":""條紋透明白【45面寬】深40cm,6層"",""price"":440200000,""price_before_discount"":0,""promotion_id"":0}','{""is_clickable"":true,""is_grayout"":false,""item_id"":45951032491,""model_id"":267136131386,""name"":""條紋透明茶【45面寬】深40cm,3層"",""price"":287000000,""price_before_discount"":0,""promotion_id"":0}','{""is_clickable"":true,""is_grayout"":false,""item_id"":45951032491,""model_id"":244080332159,""name"":""條紋透明茶【35面寬】深40cm,4層"",""price"":265100000,""price_before_discount"":0,""promotion_id"":0}','{""is_clickable"":true,""is_grayout"":false,""item_id"":45951032491,""model_id"":244080332152,""name"":""條紋透明灰【35面寬】深40cm,5層"",""price"":308900000,""price_before_discount"":0,""promotion_id"":0}','{""is_clickable"":true,""is_grayout"":false,""item_id"":45951032491,""model_id"":267136131387,""name"":""條紋透明茶【45面寬】深40cm,4層"",""price"":330800000,""price_before_discount"":0,""promotion_id"":0}','{""is_clickable"":true,""is_grayout"":false,""item_id"":45951032491,""model_id"":267136131394,""name"":""條紋透明白【55面寬】深40cm,3層"",""price"":352700000,""price_before_discount"":0,""promotion_id"":0}']","2025-11-08 07:20:30.000","yunsenmeirong1832",,57,0,0,182,"2024-12-28 10:41:55.000",false,0,0,0,false,"海外",,,0,36,"[PREMIUM]"
"1314823564.57301346621","2026-02-16 23:59:55.024","2026-02-16 23:59:55.024","57301346621","1314823564","成人兒童足球手套耐磨防滑乳膠門將手套中專業小學生足球訓練手套",,"normal",1,100637,"['{""catid"":100637,""display_name"":""戶外與運動用品"",""is_default_subcat"":false,""no_sub"":false}','{""catid"":100725,""display_name"":""運動健身與戶外休閒"",""is_default_subcat"":false,""no_sub"":false}','{""catid"":101277,""display_name"":""足球用品"",""is_default_subcat"":false,""no_sub"":false}','{""catid"":101848,""display_name"":""球門手套與護脛"",""is_default_subcat"":false,""no_sub"":true}']",,,"TWD","[PREMIUM]",10400000,37700000,10400000,10400000,37700000,0,0,0,0,0,"桃園市蘆竹區",false,true,10,false,false,"['sg-11134201-821dx-mh25bfnfe8zud9','sg-11134201-821ge-mh25bfx55nnt2c','sg-11134201-821d7-mh25bgalaq6mda','sg-11134201-821eh-mh25bgsn2lfza4','sg-11134201-821f7-mh25bh5r711q57','sg-11134201-821ea-mh25bhz108i63d','sg-11134201-821f9-mh25big09p8r59','sg-11134201-821do-mh25bj9sdlvy39','sg-11134201-821e0-mh25bju3dzin46']","['{""is_clickable"":true,""is_grayout"":false,""item_id"":57301346621,""model_id"":282152794485,""name"":""橙色【輕薄款】,成人9號【體重：60.0-80.0公斤】"",""price"":26800000,""price_before_discount"":0,""promotion_id"":0}','{""is_clickable"":true,""is_grayout"":false,""item_id"":57301346621,""model_id"":282152794491,""name"":""藍色【輕薄款】,成人9號【體重：60.0-80.0公斤】"",""price"":26800000,""price_before_discount"":0,""promotion_id"":0}','{""is_clickable"":true,""is_grayout"":false,""item_id"":57301346621,""model_id"":282152794503,""name"":""黃色【輕薄款】,小童6號【體重：25.0-30.0公斤】"",""price"":26800000,""price_before_discount"":0,""promotion_id"":0}','{""is_clickable"":true,""is_grayout"":false,""item_id"":57301346621,""model_id"":282152794460,""name"":""黃色【升級款】,成人9號【體重：60.0-80.0公斤】"",""price"":37700000,""price_before_discount"":0,""promotion_id"":0}','{""is_clickable"":true,""is_grayout"":false,""item_id"":57301346621,""model_id"":282152794490,""name"":""紅色【升級款】,中童7號【體重：30.0-40.0公斤】"",""price"":37700000,""price_before_discount"":0,""promotion_id"":0}','{""is_clickable"":true,""is_grayout"":false,""item_id"":57301346621,""model_id"":282152794497,""name"":""橙色【升級款】,小童6號【體重：25.0-30.0公斤】"",""price"":37700000,""price_before_discount"":0,""promotion_id"":0}','{""is_clickable"":true,""is_grayout"":false,""item_id"":57301346621,""model_id"":282152794472,""name"":""藍色【輕薄款】,少年8號【體重：40.0-60.0公斤】"",""price"":26800000,""price_before_discount"":0,""promotion_id"":0}','{""is_clickable"":true,""is_grayout"":false,""item_id"":57301346621,""model_id"":282152794468,""name"":""橙色【輕薄款】,中童7號【體重：30.0-40.0公斤】"",""price"":26800000,""price_before_discount"":0,""promotion_id"":0}','{""is_clickable"":true,""is_grayout"":false,""item_id"":57301346621,""model_id"":282152794494,""name"":""吸汗足球護腕一對,少年8號【體重：40.0-60.0公斤】"",""price"":10400000,""price_before_discount"":0,""promotion_id"":0}','{""is_clickable"":true,""is_grayout"":false,""item_id"":57301346621,""model_id"":282152794463,""name"":""紅色【輕薄款】,小童6號【體重：25.0-30.0公斤】"",""price"":26800000,""price_before_discount"":0,""promotion_id"":0}','{""is_clickable"":true,""is_grayout"":false,""item_id"":57301346621,""model_id"":282152794458,""name"":""藍色【升級款】,成人9號【體重：60.0-80.0公斤】"",""price"":37700000,""price_before_discount"":0,""promotion_id"":0}','{""is_clickable"":true,""is_grayout"":false,""item_id"":57301346621,""model_id"":282152794465,""name"":""綠色【升級款】,少年8號【體重：40.0-60.0公斤】"",""price"":37700000,""price_before_discount"":0,""promotion_id"":0}','{""is_clickable"":true,""is_grayout"":false,""item_id"":57301346621,""model_id"":282152794461,""name"":""黃色【升級款】,10號【體重：80.0-100.0公斤】"",""price"":37700000,""price_before_discount"":0,""promotion_id"":0}','{""is_clickable"":true,""is_grayout"":false,""item_id"":57301346621,""model_id"":282152794471,""name"":""藍色【升級款】,少年8號【體重：40.0-60.0公斤】"",""price"":37700000,""price_before_discount"":0,""promotion_id"":0}','{""is_clickable"":true,""is_grayout"":false,""item_id"":57301346621,""model_id"":282152794486,""name"":""綠色【升級款】,成人9號【體重：60.0-80.0公斤】"",""price"":37700000,""price_before_discount"":0,""promotion_id"":0}','{""is_clickable"":true,""is_grayout"":false,""item_id"":57301346621,""model_id"":282152794487,""name"":""綠色【升級款】,10號【體重：80.0-100.0公斤】"",""price"":37700000,""price_before_discount"":0,""promotion_id"":0}','{""is_clickable"":true,""is_grayout"":false,""item_id"":57301346621,""model_id"":282152794467,""name"":""紅色【輕薄款】,成人9號【體重：60.0-80.0公斤】"",""price"":26800000,""price_before_discount"":0,""promotion_id"":0}','{""is_clickable"":true,""is_grayout"":false,""item_id"":57301346621,""model_id"":282152794462,""name"":""藍色【輕薄款】,中童7號【體重：30.0-40.0公斤】"",""price"":26800000,""price_before_discount"":0,""promotion_id"":0}','{""is_clickable"":true,""is_grayout"":false,""item_id"":57301346621,""model_id"":282152794481,""name"":""橙色【升級款】,10號【體重：80.0-100.0公斤】"",""price"":37700000,""price_before_discount"":0,""promotion_id"":0}','{""is_clickable"":true,""is_grayout"":false,""item_id"":57301346621,""model_id"":282152794505,""name"":""藍色【輕薄款】,小童6號【體重：25.0-30.0公斤】"",""price"":26800000,""price_before_discount"":0,""promotion_id"":0}','{""is_clickable"":true,""is_grayout"":false,""item_id"":57301346621,""model_id"":282152794498,""name"":""綠色【升級款】,小童6號【體重：25.0-30.0公斤】"",""price"":37700000,""price_before_discount"":0,""promotion_id"":0}','{""is_clickable"":true,""is_grayout"":false,""item_id"":57301346621,""model_id"":282152794482,""name"":""綠色【升級款】,中童7號【體重：30.0-40.0公斤】"",""price"":37700000,""price_before_discount"":0,""promotion_id"":0}','{""is_clickable"":true,""is_grayout"":false,""item_id"":57301346621,""model_id"":282152794499,""name"":""黃色【升級款】,少年8號【體重：40.0-60.0公斤】"",""price"":37700000,""price_before_discount"":0,""promotion_id"":0}','{""is_clickable"":true,""is_grayout"":false,""item_id"":57301346621,""model_id"":282152794489,""name"":""橙色【輕薄款】,小童6號【體重：25.0-30.0公斤】"",""price"":26800000,""price_before_discount"":0,""promotion_id"":0}','{""is_clickable"":true,""is_grayout"":false,""item_id"":57301346621,""model_id"":282152794470,""name"":""橙色【輕薄款】,少年8號【體重：40.0-60.0公斤】"",""price"":26800000,""price_before_discount"":0,""promotion_id"":0}','{""is_clickable"":true,""is_grayout"":false,""item_id"":57301346621,""model_id"":282152794469,""name"":""橙色【升級款】,少年8號【體重：40.0-60.0公斤】"",""price"":37700000,""price_before_discount"":0,""promotion_id"":0}','{""is_clickable"":true,""is_grayout"":false,""item_id"":57301346621,""model_id"":282152794495,""name"":""藍色【升級款】,10號【體重：80.0-100.0公斤】"",""price"":37700000,""price_before_discount"":0,""promotion_id"":0}','{""is_clickable"":true,""is_grayout"":false,""item_id"":57301346621,""model_id"":282152794475,""name"":""吸汗足球護腕一對,成人9號【體重：60.0-80.0公斤】"",""price"":10400000,""price_before_discount"":0,""promotion_id"":0}','{""is_clickable"":true,""is_grayout"":false,""item_id"":57301346621,""model_id"":282152794453,""name"":""藍色【升級款】,中童7號【體重：30.0-40.0公斤】"",""price"":37700000,""price_before_discount"":0,""promotion_id"":0}','{""is_clickable"":true,""is_grayout"":false,""item_id"":57301346621,""model_id"":282152794454,""name"":""橙色【升級款】,中童7號【體重：30.0-40.0公斤】"",""price"":37700000,""price_before_discount"":0,""promotion_id"":0}','{""is_clickable"":true,""is_grayout"":false,""item_id"":57301346621,""model_id"":282152794492,""name"":""紅色【輕薄款】,中童7號【體重：30.0-40.0公斤】"",""price"":26800000,""price_before_discount"":0,""promotion_id"":0}','{""is_clickable"":true,""is_grayout"":false,""item_id"":57301346621,""model_id"":282152794496,""name"":""紅色【升級款】,10號【體重：80.0-100.0公斤】"",""price"":37700000,""price_before_discount"":0,""promotion_id"":0}','{""is_clickable"":true,""is_grayout"":false,""item_id"":57301346621,""model_id"":282152794466,""name"":""紅色【輕薄款】,少年8號【體重：40.0-60.0公斤】"",""price"":26800000,""price_before_discount"":0,""promotion_id"":0}','{""is_clickable"":true,""is_grayout"":false,""item_id"":57301346621,""model_id"":282152794479,""name"":""紅色【升級款】,小童6號【體重：25.0-30.0公斤】"",""price"":37700000,""price_before_discount"":0,""promotion_id"":0}','{""is_clickable"":true,""is_grayout"":false,""item_id"":57301346621,""model_id"":282152794452,""name"":""藍色【升級款】,小童6號【體重：25.0-30.0公斤】"",""price"":37700000,""price_before_discount"":0,""promotion_id"":0}','{""is_clickable"":true,""is_grayout"":false,""item_id"":57301346621,""model_id"":282152794488,""name"":""紅色【輕薄款】,10號【體重：80.0-100.0公斤】"",""price"":26800000,""price_before_discount"":0,""promotion_id"":0}','{""is_clickable"":true,""is_grayout"":false,""item_id"":57301346621,""model_id"":282152794506,""name"":""吸汗足球護腕一對,中童7號【體重：30.0-40.0公斤】"",""price"":10400000,""price_before_discount"":0,""promotion_id"":0}','{""is_clickable"":true,""is_grayout"":false,""item_id"":57301346621,""model_id"":282152794501,""name"":""綠色【輕薄款】,成人9號【體重：60.0-80.0公斤】"",""price"":26800000,""price_before_discount"":0,""promotion_id"":0}','{""is_clickable"":true,""is_grayout"":false,""item_id"":57301346621,""model_id"":282152794484,""name"":""黃色【升級款】,中童7號【體重：30.0-40.0公斤】"",""price"":37700000,""price_before_discount"":0,""promotion_id"":0}','{""is_clickable"":true,""is_grayout"":false,""item_id"":57301346621,""model_id"":282152794464,""name"":""吸汗足球護腕一對,小童6號【體重：25.0-30.0公斤】"",""price"":10400000,""price_before_discount"":0,""promotion_id"":0}','{""is_clickable"":true,""is_grayout"":false,""item_id"":57301346621,""model_id"":282152794483,""name"":""綠色【輕薄款】,小童6號【體重：25.0-30.0公斤】"",""price"":26800000,""price_before_discount"":0,""promotion_id"":0}','{""is_clickable"":true,""is_grayout"":false,""item_id"":57301346621,""model_id"":282152794504,""name"":""黃色【輕薄款】,中童7號【體重：30.0-40.0公斤】"",""price"":26800000,""price_before_discount"":0,""promotion_id"":0}','{""is_clickable"":true,""is_grayout"":false,""item_id"":57301346621,""model_id"":282152794474,""name"":""綠色【輕薄款】,中童7號【體重：30.0-40.0公斤】"",""price"":26800000,""price_before_discount"":0,""promotion_id"":0}','{""is_clickable"":true,""is_grayout"":false,""item_id"":57301346621,""model_id"":282152794456,""name"":""綠色【輕薄款】,少年8號【體重：40.0-60.0公斤】"",""price"":26800000,""price_before_discount"":0,""promotion_id"":0}','{""is_clickable"":true,""is_grayout"":false,""item_id"":57301346621,""model_id"":282152794502,""name"":""黃色【升級款】,小童6號【體重：25.0-30.0公斤】"",""price"":37700000,""price_before_discount"":0,""promotion_id"":0}','{""is_clickable"":true,""is_grayout"":false,""item_id"":57301346621,""model_id"":282152794473,""name"":""橙色【輕薄款】,10號【體重：80.0-100.0公斤】"",""price"":26800000,""price_before_discount"":0,""promotion_id"":0}','{""is_clickable"":true,""is_grayout"":false,""item_id"":57301346621,""model_id"":282152794493,""name"":""綠色【輕薄款】,10號【體重：80.0-100.0公斤】"",""price"":26800000,""price_before_discount"":0,""promotion_id"":0}','{""is_clickable"":true,""is_grayout"":false,""item_id"":57301346621,""model_id"":282152794476,""name"":""吸汗足球護腕一對,10號【體重：80.0-100.0公斤】"",""price"":10400000,""price_before_discount"":0,""promotion_id"":0}','{""is_clickable"":true,""is_grayout"":false,""item_id"":57301346621,""model_id"":282152794477,""name"":""紅色【升級款】,成人9號【體重：60.0-80.0公斤】"",""price"":37700000,""price_before_discount"":0,""promotion_id"":0}','{""is_clickable"":true,""is_grayout"":false,""item_id"":57301346621,""model_id"":282152794459,""name"":""黃色【輕薄款】,成人9號【體重：60.0-80.0公斤】"",""price"":26800000,""price_before_discount"":0,""promotion_id"":0}','{""is_clickable"":true,""is_grayout"":false,""item_id"":57301346621,""model_id"":282152794500,""name"":""藍色【輕薄款】,10號【體重：80.0-100.0公斤】"",""price"":26800000,""price_before_discount"":0,""promotion_id"":0}','{""is_clickable"":true,""is_grayout"":false,""item_id"":57301346621,""model_id"":282152794457,""name"":""黃色【輕薄款】,10號【體重：80.0-100.0公斤】"",""price"":26800000,""price_before_discount"":0,""promotion_id"":0}','{""is_clickable"":true,""is_grayout"":false,""item_id"":57301346621,""model_id"":282152794455,""name"":""橙色【升級款】,成人9號【體重：60.0-80.0公斤】"",""price"":37700000,""price_before_discount"":0,""promotion_id"":0}','{""is_clickable"":true,""is_grayout"":false,""item_id"":57301346621,""model_id"":282152794480,""name"":""紅色【升級款】,少年8號【體重：40.0-60.0公斤】"",""price"":37700000,""price_before_discount"":0,""promotion_id"":0}','{""is_clickable"":true,""is_grayout"":false,""item_id"":57301346621,""model_id"":282152794478,""name"":""黃色【輕薄款】,少年8號【體重：40.0-60.0公斤】"",""price"":26800000,""price_before_discount"":0,""promotion_id"":0}']","2025-11-13 17:00:51.000","July柒月",4.822707,57,0,380,3593,"2024-07-23 12:22:24.000",false,1749,52,22,false,"桃園市蘆竹區",,,-1,55,"[PREMIUM]"
"1179967114.52300992487","2026-02-16 23:59:55.001","2026-02-16 23:59:55.001","52300992487","1179967114"," 可調節手機支架附真空底座,適用於書桌和汽車"," 通用手機支架 桌面吸盤真空底座 車用手機支架 GPS支架
📦 產品數量:1件
🎨 現代設計:流線型曲線設計,與任何車內裝飾相得益彰
📱 通用兼容性:適用於iPhone、Samsung、Xiaomi及大多數裝置,用途多樣
🧲 高級吸盤技術:強力矽膠吸盤牢牢固定於擋風玻璃/儀表板上
🔧 輕鬆安裝:一鍵式設置,單側自動調節尺寸,使用便捷
🔄 360°旋轉:全方位可調,提供最佳駕駛視角","normal",1,100013,"['{""catid"":100013,""display_name"":""手機平板與周邊"",""is_default_subcat"":false,""no_sub"":false}','{""catid"":100075,""display_name"":""手機周邊配件"",""is_default_subcat"":false,""no_sub"":false}','{""catid"":100279,""display_name"":""手機支架"",""is_default_subcat"":false,""no_sub"":true}']",,,"TWD","[PREMIUM]",5700000,5700000,8900000,8900000,8900000,36,0,0,0,0,"中國大陸",false,false,1,false,false,"['sg-11134301-821gh-mgr37sh16zux09','sg-11134301-824gz-me9e89ksmjgg44','sg-11134301-824h0-me9e8qsoiqrr29','sg-11134301-824ic-me9e8j4r61hf1c','sg-11134301-824h1-me9e89h1xn2b20','sg-11134301-824g6-me9e84kznthg9e','sg-11134301-824gu-me9e89iul4hvd1','sg-11134301-824jd-me9e84kww35v40']","['{""is_clickable"":false,""is_grayout"":true,""item_id"":52300992487,""model_id"":400090290611,""name"":""1pcs"",""price"":5700000,""price_before_discount"":8900000,""promotion_id"":785471304171520}']","2025-11-07 22:05:51.000","TOPICK",4.874319,99,1,460219,365214,"2024-02-04 10:20:10.000",false,1038074,22418,8644,false,,,,-1,1,"[PREMIUM]"
"1218567119.26614875078","2026-02-16 23:59:54.828","2026-02-16 23:59:54.828","26614875078","1218567119","台灣出貨 美式外套 機能外套 軍用外套 飛行外套 重磅刺繡外套 男生外套 休閒外套 工裝外套 棒球服外套 飛行夾克男","【ma1 飛行外套相比其他款式的夾克更有潮流感，它最大的一個特點就是款式簡潔百搭，無論是拉鏈處的防風鏈貼還是袖子上面非常實用的口袋，都在服裝設計中引領著潮流，甚至這些元素被其他款式的外套沿用，可以說是非常經典。絕對是冬季不可缺少的熱門單品之一。】

版型偏小，喜歡寬鬆建議大一號尺寸喔！

💥關注店鋪，有上新產品會有通知哦，關注店鋪可以領優惠券折20台幣哦💥
💥本賣場滿2000折100，下標記得領券哦！💥


【購物須知】
🔺購買前務必先確認過尺寸表，以免耽誤您寶貴的時間
🔺 如購物上有任何問題都歡迎透過聊聊與我們客服聯繫～
🔺 商品尺寸皆由手工測量，難免會有些誤差哦，依實物為準～
🔺 色差、線頭、縫線、3公分內小汙漬等問題不屬於瑕疵，完美主義者請勿下單哦！
🔺 開箱商品時建議全程錄影，保障你我權益唷！
🔺 下單後請不要隨意取消訂單哦，您下單後我們會馬上安排出貨了唷。


我們很重視您的滿意度，如果尺寸上有任何問題歡迎詢問，客服很樂意幫您解答！
收到商品若有任何不滿意，請聯繫我們，很願意幫您處理。


","normal",1,100011,"['{""catid"":100011,""display_name"":""男生衣著"",""is_default_subcat"":false,""no_sub"":false}','{""catid"":100050,""display_name"":""外套, 風衣與背心"",""is_default_subcat"":false,""no_sub"":false}','{""catid"":100230,""display_name"":""外套"",""is_default_subcat"":false,""no_sub"":true}']",,,"TWD","[PREMIUM]",99800000,112000000,99800000,99800000,112000000,0,0,0,0,2,"桃園市蘆竹區",false,true,7,false,false,"['tw-11134207-7rasl-m1ny6xjcj9qjac','tw-11134207-7rasd-m1ny76nl6xp9d8','tw-11134207-7ras8-m1ny76oz6ayz86','tw-11134207-7rash-m1ny76p94hzxd8','tw-11134207-7rasm-m1ny76qd49vv54','tw-11134207-7rasc-m1ny8ukbitcb1a','tw-11134207-7rasl-m1ny7o41n9cbd8','tw-11134207-7rask-m1ny7o41n9jx4d','tw-11134207-7rasi-m1ny7o41onwr0c']","['{""is_clickable"":true,""is_grayout"":false,""item_id"":26614875078,""model_id"":256837741195,""name"":""軍綠（常規款）,M（建議體重52-60公斤）"",""price"":99800000,""price_before_discount"":0,""promotion_id"":0}','{""is_clickable"":true,""is_grayout"":false,""item_id"":26614875078,""model_id"":256837741179,""name"":""黑色（加棉款）,L（建議體重60-67.5公斤）"",""price"":112000000,""price_before_discount"":0,""promotion_id"":0}','{""is_clickable"":true,""is_grayout"":false,""item_id"":26614875078,""model_id"":256837741209,""name"":""軍綠（加棉款）,XL（建議體重67.5-75公斤）"",""price"":112000000,""price_before_discount"":0,""promotion_id"":0}','{""is_clickable"":true,""is_grayout"":false,""item_id"":26614875078,""model_id"":256837741193,""name"":""黑色（常規款）,2XL（建議體重75-82.5公斤）"",""price"":99800000,""price_before_discount"":0,""promotion_id"":0}','{""is_clickable"":true,""is_grayout"":false,""item_id"":26614875078,""model_id"":256837741184,""name"":""黑色（加棉款）,XL（建議體重67.5-75公斤）"",""price"":112000000,""price_before_discount"":0,""promotion_id"":0}','{""is_clickable"":true,""is_grayout"":false,""item_id"":26614875078,""model_id"":256837741202,""name"":""黑色（常規款）,M（建議體重52-60公斤）"",""price"":99800000,""price_before_discount"":0,""promotion_id"":0}','{""is_clickable"":true,""is_grayout"":false,""item_id"":26614875078,""model_id"":256837741204,""name"":""黑色（常規款）,4XL（建議體重90-97.5公斤）"",""price"":99800000,""price_before_discount"":0,""promotion_id"":0}','{""is_clickable"":true,""is_grayout"":false,""item_id"":26614875078,""model_id"":256837741192,""name"":""灰色（常規款）,XL（建議體重67.5-75公斤）"",""price"":99800000,""price_before_discount"":0,""promotion_id"":0}','{""is_clickable"":true,""is_grayout"":false,""item_id"":26614875078,""model_id"":256837741199,""name"":""軍綠（加棉款）,L（建議體重60-67.5公斤）"",""price"":112000000,""price_before_discount"":0,""promotion_id"":0}','{""is_clickable"":true,""is_grayout"":false,""item_id"":26614875078,""model_id"":256837741203,""name"":""軍綠（常規款）,2XL（建議體重75-82.5公斤）"",""price"":99800000,""price_before_discount"":0,""promotion_id"":0}','{""is_clickable"":true,""is_grayout"":false,""item_id"":26614875078,""model_id"":256837741205,""name"":""軍綠（常規款）,L（建議體重60-67.5公斤）"",""price"":99800000,""price_before_discount"":0,""promotion_id"":0}','{""is_clickable"":true,""is_grayout"":false,""item_id"":26614875078,""model_id"":256837741212,""name"":""軍綠（加棉款）,4XL（建議體重90-97.5公斤）"",""price"":112000000,""price_before_discount"":0,""promotion_id"":0}','{""is_clickable"":true,""is_grayout"":false,""item_id"":26614875078,""model_id"":256837741208,""name"":""灰色（加棉款）,XL（建議體重67.5-75公斤）"",""price"":112000000,""price_before_discount"":0,""promotion_id"":0}','{""is_clickable"":true,""is_grayout"":false,""item_id"":26614875078,""model_id"":256837741180,""name"":""黑色（加棉款）,2XL（建議體重75-82.5公斤）"",""price"":112000000,""price_before_discount"":0,""promotion_id"":0}','{""is_clickable"":true,""is_grayout"":false,""item_id"":26614875078,""model_id"":256837741191,""name"":""灰色（常規款）,L（建議體重60-67.5公斤）"",""price"":99800000,""price_before_discount"":0,""promotion_id"":0}','{""is_clickable"":true,""is_grayout"":false,""item_id"":26614875078,""model_id"":256837741194,""name"":""軍綠（加棉款）,3XL（建議體重82.5-90公斤）"",""price"":112000000,""price_before_discount"":0,""promotion_id"":0}','{""is_clickable"":true,""is_grayout"":false,""item_id"":26614875078,""model_id"":256837741182,""name"":""灰色（加棉款）,L（建議體重60-67.5公斤）"",""price"":112000000,""price_before_discount"":0,""promotion_id"":0}','{""is_clickable"":true,""is_grayout"":false,""item_id"":26614875078,""model_id"":256837741210,""name"":""灰色（常規款）,M（建議體重52-60公斤）"",""price"":99800000,""price_before_discount"":0,""promotion_id"":0}','{""is_clickable"":true,""is_grayout"":false,""item_id"":26614875078,""model_id"":256837741183,""name"":""灰色（加棉款）,2XL（建議體重75-82.5公斤）"",""price"":112000000,""price_before_discount"":0,""promotion_id"":0}','{""is_clickable"":true,""is_grayout"":false,""item_id"":26614875078,""model_id"":256837741213,""name"":""灰色（加棉款）,3XL（建議體重82.5-90公斤）"",""price"":112000000,""price_before_discount"":0,""promotion_id"":0}','{""is_clickable"":true,""is_grayout"":false,""item_id"":26614875078,""model_id"":256837741181,""name"":""黑色（常規款）,XL（建議體重67.5-75公斤）"",""price"":99800000,""price_before_discount"":0,""promotion_id"":0}','{""is_clickable"":true,""is_grayout"":false,""item_id"":26614875078,""model_id"":256837741200,""name"":""軍綠（加棉款）,2XL（建議體重75-82.5公斤）"",""price"":112000000,""price_before_discount"":0,""promotion_id"":0}','{""is_clickable"":true,""is_grayout"":false,""item_id"":26614875078,""model_id"":256837741201,""name"":""灰色（常規款）,2XL（建議體重75-82.5公斤）"",""price"":99800000,""price_before_discount"":0,""promotion_id"":0}','{""is_clickable"":true,""is_grayout"":false,""item_id"":26614875078,""model_id"":256837741211,""name"":""灰色（常規款）,4XL（建議體重90-97.5公斤）"",""price"":99800000,""price_before_discount"":0,""promotion_id"":0}','{""is_clickable"":true,""is_grayout"":false,""item_id"":26614875078,""model_id"":256837741186,""name"":""灰色（加棉款）,M（建議體重52-60公斤）"",""price"":112000000,""price_before_discount"":0,""promotion_id"":0}','{""is_clickable"":true,""is_grayout"":false,""item_id"":26614875078,""model_id"":256837741187,""name"":""灰色（常規款）,3XL（建議體重82.5-90公斤）"",""price"":99800000,""price_before_discount"":0,""promotion_id"":0}','{""is_clickable"":true,""is_grayout"":false,""item_id"":26614875078,""model_id"":256837741190,""name"":""黑色（加棉款）,3XL（建議體重82.5-90公斤）"",""price"":112000000,""price_before_discount"":0,""promotion_id"":0}','{""is_clickable"":true,""is_grayout"":false,""item_id"":26614875078,""model_id"":256837741189,""name"":""黑色（常規款）,3XL（建議體重82.5-90公斤）"",""price"":99800000,""price_before_discount"":0,""promotion_id"":0}','{""is_clickable"":true,""is_grayout"":false,""item_id"":26614875078,""model_id"":256837741206,""name"":""軍綠（常規款）,XL（建議體重67.5-75公斤）"",""price"":99800000,""price_before_discount"":0,""promotion_id"":0}','{""is_clickable"":true,""is_grayout"":false,""item_id"":26614875078,""model_id"":256837741214,""name"":""黑色（加棉款）,4XL（建議體重90-97.5公斤）"",""price"":112000000,""price_before_discount"":0,""promotion_id"":0}','{""is_clickable"":true,""is_grayout"":false,""item_id"":26614875078,""model_id"":256837741188,""name"":""黑色（常規款）,L（建議體重60-67.5公斤）"",""price"":99800000,""price_before_discount"":0,""promotion_id"":0}','{""is_clickable"":true,""is_grayout"":false,""item_id"":26614875078,""model_id"":256837741197,""name"":""黑色（加棉款）,M（建議體重52-60公斤）"",""price"":112000000,""price_before_discount"":0,""promotion_id"":0}','{""is_clickable"":true,""is_grayout"":false,""item_id"":26614875078,""model_id"":256837741198,""name"":""軍綠（加棉款）,M（建議體重52-60公斤）"",""price"":112000000,""price_before_discount"":0,""promotion_id"":0}','{""is_clickable"":true,""is_grayout"":false,""item_id"":26614875078,""model_id"":256837741196,""name"":""灰色（加棉款）,4XL（建議體重90-97.5公斤）"",""price"":112000000,""price_before_discount"":0,""promotion_id"":0}','{""is_clickable"":true,""is_grayout"":false,""item_id"":26614875078,""model_id"":256837741185,""name"":""軍綠（常規款）,4XL（建議體重90-97.5公斤）"",""price"":99800000,""price_before_discount"":0,""promotion_id"":0}','{""is_clickable"":true,""is_grayout"":false,""item_id"":26614875078,""model_id"":256837741207,""name"":""軍綠（常規款）,3XL（建議體重82.5-90公斤）"",""price"":99800000,""price_before_discount"":0,""promotion_id"":0}']","2024-10-22 09:08:06.000","eleglant shop",4.874908,98,4853,2430,472,"2024-03-26 14:11:49.000",false,9780,219,54,true,"桃園市蘆竹區",,,-1,36,"[PREMIUM]"
